name,top_n,rebalance_days,industry_cap,total_return,annualized_return,max_drawdown,sharpe,final_value,avg_turnover,avg_holdings,avg_fee,avg_cash,bench_total_return,bench_sharpe,excess_sharpe
v2_full_top12_60_ind1,12,60,1,2.2833496066666674,0.16680673438870386,0.17284855738791638,0.9056275221461336,197000.97640000004,0.666362194052985,12.0,123.7507375,0.1527664518491266,1.5677469365246357,0.7147711918906475,0.1908563302554861
v2_full_top12_40_ind1,12,40,1,2.125739398666666,0.15938217935165055,0.18155328840242013,0.8889059497799328,187544.36391999997,0.5672961627506677,11.9375,102.76325166666668,0.162885145959998,1.5677469365246357,0.7147711918906475,0.17413475788928523
v2_full_top8_40_ind1,8,40,1,2.1260238533333324,0.15939586990606247,0.23854850461192667,0.8463239559110916,187561.43119999993,0.6329460112212987,8.0,91.40768333333334,0.1355765900678703,1.5677469365246357,0.7147711918906475,0.13155276402044402
v2_full_top10_40_ind1,10,40,1,2.009526157333333,0.15369607319267398,0.21818310025396837,0.831048178672376,180571.56944,0.5882662946361759,9.9375,94.11313666666668,0.16247264133903805,1.5677469365246357,0.7147711918906475,0.11627698678172849
jq_v1_simple_like,6,60,0,0.8400766704999998,0.08234555524618892,0.2244243955431463,0.45823029507495927,110404.60022999998,1.4646807092364384,6.0,153.6999928125,0.12229273595370321,1.5677469365246357,0.7147711918906475,-0.25654089681568826
