name,top_n,rebalance_days,industry_cap,first_rebalance,total_return,annualized_return,max_drawdown,sharpe,final_value,avg_turnover,avg_holdings,avg_fee,avg_cash,bench_total_return,bench_sharpe,excess_sharpe
v2_full_top10_40_ind1_first,10,40,1,True,2.8227781808333328,0.1900667877846547,0.18147884625117472,1.0196585251042372,229366.69084999996,0.60149319571371,9.693877551020408,105.27161530612246,0.15231275647724418,1.5677469365246357,0.7147711918906475,0.30488733321358963
v2_full_top12_40_ind1_first,12,40,1,True,2.6338811573333327,0.18226670467060457,0.1814423285302741,0.9944040797216461,218032.86943999995,0.5521215691670771,11.673469387755102,104.61490938775509,0.16016778928225678,1.5677469365246357,0.7147711918906475,0.2796328878309986
v2_full_top8_40_ind1_first,8,40,1,True,2.4920249596666664,0.17617356926962002,0.22785376264564672,0.9190049430058954,209521.49758,0.6230375633091623,7.816326530612245,93.17351877551022,0.13905257294405668,1.5677469365246357,0.7147711918906475,0.20423375111524789
v2_full_top12_60_ind1_late,12,60,1,False,2.2833496066666674,0.16680673438870386,0.17284855738791638,0.9056275221461336,197000.97640000004,0.666362194052985,12.0,123.7507375,0.1527664518491266,1.5677469365246357,0.7147711918906475,0.1908563302554861
v2_full_top12_60_ind1_first,12,60,1,True,1.9674737879999995,0.15159137095032715,0.18718243506240229,0.843080515397419,178048.42727999997,0.6345693875114767,11.606060606060606,116.35068848484849,0.16297859546091575,1.5677469365246357,0.7147711918906475,0.1283093235067715
jq_v1_simple_like_late,6,60,0,False,0.8400766704999998,0.08234555524618892,0.2244243955431463,0.45823029507495927,110404.60022999998,1.4646807092364384,6.0,153.6999928125,0.12229273595370321,1.5677469365246357,0.7147711918906475,-0.25654089681568826
